{
  "patch_id": "7ba753d4-cb1c-4b16-889a-a2cab3fb6df9",
  "timestamp": "2025-12-14T17:40:53.207116",
  "author": "Blastbrean",
  "diff": {
    "animation": {
      "rbxassetid://81374297342678": {
        "status": "modified",
        "changes": {
          "phds": {
            "from": 0.2500000298023224,
            "to": 0.25
          },
          "pfht": {
            "from": 0.2500000298023224,
            "to": 0.25
          }
        }
      },
      "rbxassetid://139109176874463": {
        "status": "modified",
        "changes": {
          "phds": {
            "from": 0.2500000298023224,
            "to": 0.25
          },
          "pfht": {
            "from": 0.2500000298023224,
            "to": 0.25
          }
        }
      },
      "rbxassetid://9597289518": {
        "status": "modified",
        "changes": {
          "phds": {
            "from": 0.2500000298023224,
            "to": 0.25
          },
          "pfht": {
            "from": 0.2500000298023224,
            "to": 0.25
          }
        }
      }
    }
  }
}