{
  "patch_id": "788f2af3-fd39-48c7-b1c6-2fc181157631",
  "timestamp": "2025-10-01T20:04:42.425954",
  "author": "Juanito",
  "diff": {
    "animation": {
      "rbxassetid://11363599835": {
        "status": "modified",
        "changes": {
          "hitbox": {
            "from": {
              "Y": 19,
              "X": 16.000001907348633,
              "Z": 19
            },
            "to": {
              "Y": 19,
              "X": 16.625,
              "Z": 19
            }
          }
        }
      },
      "rbxassetid://6669352471": {
        "status": "modified",
        "changes": {
          "hitbox": {
            "from": {
              "Y": 17,
              "X": 8.000000953674316,
              "Z": 16.000001907348633
            },
            "to": {
              "Y": 19,
              "X": 16.625,
              "Z": 23.75
            }
          }
        }
      }
    }
  }
}