{
  "patch_id": "3d8cf83a-88b0-4d21-bcf5-95756ca68b40",
  "timestamp": "2025-12-14T16:08:27.636087",
  "author": "Juanito",
  "diff": {
    "animation": {
      "rbxassetid://8161039359": {
        "status": "modified",
        "changes": {
          "fhb": {
            "from": true,
            "to": false
          },
          "hso": {
            "from": 3,
            "to": -5
          },
          "pfht": {
            "from": 0.2500000298023224,
            "to": 0.25
          },
          "phds": {
            "from": 0.2500000298023224,
            "to": 0.25
          }
        }
      },
      "rbxassetid://9484850093": {
        "status": "modified",
        "changes": {
          "pfht": {
            "from": 0.5,
            "to": 0.5000000596046448
          }
        }
      },
      "rbxassetid://8161044711": {
        "status": "modified",
        "changes": {
          "fhb": {
            "from": true,
            "to": false
          },
          "hso": {
            "from": 3,
            "to": -5
          },
          "pfht": {
            "from": 0.2500000298023224,
            "to": 0.25
          },
          "phds": {
            "from": 0.2500000298023224,
            "to": 0.25
          }
        }
      },
      "rbxassetid://5067090007": {
        "status": "modified",
        "changes": {
          "pfht": {
            "from": 0.5,
            "to": 0.5000000596046448
          }
        }
      },
      "rbxassetid://8161043368": {
        "status": "modified",
        "changes": {
          "fhb": {
            "from": true,
            "to": false
          },
          "hso": {
            "from": 3,
            "to": -5
          },
          "pfht": {
            "from": 0.2500000298023224,
            "to": 0.25
          },
          "phds": {
            "from": 0.2500000298023224,
            "to": 0.25
          }
        }
      },
      "rbxassetid://11887892548": {
        "status": "modified",
        "changes": {
          "pfht": {
            "from": 0.25,
            "to": 0.2500000298023224
          }
        }
      },
      "rbxassetid://5064195992": {
        "status": "modified",
        "changes": {
          "pfht": {
            "from": 0.5,
            "to": 0.5000000596046448
          }
        }
      },
      "rbxassetid://8161094751": {
        "status": "modified",
        "changes": {
          "fhb": {
            "from": true,
            "to": false
          },
          "hso": {
            "from": 3,
            "to": -5
          },
          "pfht": {
            "from": 0.2500000298023224,
            "to": 0.25
          },
          "phds": {
            "from": 0.2500000298023224,
            "to": 0.25
          }
        }
      },
      "rbxassetid://5067105317": {
        "status": "modified",
        "changes": {
          "pfht": {
            "from": 0.5,
            "to": 0.5000000596046448
          }
        }
      }
    }
  }
}