{
  "patch_id": "6c802adc-3102-4f30-a4c1-4a640c17dc1a",
  "timestamp": "2025-12-14T18:20:09.050101",
  "author": "Juanito",
  "diff": {
    "animation": {
      "rbxassetid://139109176874463": {
        "status": "modified",
        "changes": {
          "pfht": {
            "from": 0.25,
            "to": 0.2500000298023224
          },
          "phds": {
            "from": 0.25,
            "to": 0.2500000298023224
          }
        }
      },
      "rbxassetid://123115833203242": {
        "status": "modified",
        "changes": {
          "pfht": {
            "from": 0.25,
            "to": 0.2500000298023224
          },
          "phds": {
            "from": 0.25,
            "to": 0.2500000298023224
          }
        }
      },
      "rbxassetid://7627854272": {
        "status": "modified",
        "changes": {
          "pfht": {
            "from": 0.25,
            "to": 0.2500000298023224
          }
        }
      },
      "rbxassetid://9597289518": {
        "status": "modified",
        "changes": {
          "pfht": {
            "from": 0.5,
            "to": 0.5000000596046448
          }
        }
      },
      "rbxassetid://5067105317": {
        "status": "modified",
        "changes": {
          "pfht": {
            "from": 0.5,
            "to": 0.5000000596046448
          }
        }
      },
      "rbxassetid://81374297342678": {
        "status": "modified",
        "changes": {
          "pfht": {
            "from": 0.25,
            "to": 0.2500000298023224
          },
          "phds": {
            "from": 0.25,
            "to": 0.2500000298023224
          }
        }
      },
      "rbxassetid://6675703249": {
        "status": "modified",
        "changes": {
          "pfht": {
            "from": 0.5,
            "to": 0.5000000596046448
          }
        }
      },
      "rbxassetid://6675698010": {
        "status": "modified",
        "changes": {
          "pfht": {
            "from": 0.5,
            "to": 0.5000000596046448
          }
        }
      },
      "rbxassetid://11887887621": {
        "status": "modified",
        "changes": {
          "pfht": {
            "from": 0.25,
            "to": 0.2500000298023224
          }
        }
      },
      "rbxassetid://5064195992": {
        "status": "modified",
        "changes": {
          "pfht": {
            "from": 0.5,
            "to": 0.5000000596046448
          }
        }
      },
      "rbxassetid://6607538047": {
        "status": "modified",
        "changes": {
          "pfht": {
            "from": 0.5,
            "to": 0.5000000596046448
          }
        }
      },
      "rbxassetid://6607519294": {
        "status": "modified",
        "changes": {
          "pfht": {
            "from": 0.5,
            "to": 0.5000000596046448
          }
        }
      }
    },
    "effect": {
      "DodgePlsIndicator": {
        "status": "modified",
        "changes": {
          "actions": {
            "from": [
              {
                "_type": "Forced Full Dodge",
                "name": "1",
                "hitbox": {
                  "Y": 28,
                  "X": 25,
                  "Z": 25
                },
                "when": 400,
                "ihbc": false
              }
            ],
            "to": [
              {
                "_type": "Forced Full Dodge",
                "name": "1",
                "hitbox": {
                  "Y": 28,
                  "X": 25,
                  "Z": 25
                },
                "when": 450,
                "ihbc": false
              }
            ]
          }
        }
      },
      "JumpClusterIndicator": {
        "status": "modified",
        "changes": {
          "actions": {
            "from": [
              {
                "_type": "Jump",
                "name": "1",
                "hitbox": {
                  "Y": 28,
                  "X": 25,
                  "Z": 25
                },
                "when": 500,
                "ihbc": false
              }
            ],
            "to": [
              {
                "_type": "Jump",
                "name": "1",
                "hitbox": {
                  "Y": 28,
                  "X": 25,
                  "Z": 25
                },
                "when": 450,
                "ihbc": false
              }
            ]
          }
        }
      }
    }
  }
}