{
  "patch_id": "c2d8f91c-005b-4653-97bb-a97a557fbefb",
  "timestamp": "2025-12-14T17:03:39.696249",
  "author": "Juanito",
  "diff": {
    "animation": {
      "rbxassetid://6063195211": {
        "status": "modified",
        "changes": {
          "pfht": {
            "from": 0.25,
            "to": 0.2500000298023224
          },
          "phds": {
            "from": 0.25,
            "to": 0.2500000298023224
          }
        }
      },
      "rbxassetid://6607538047": {
        "status": "modified",
        "changes": {
          "pfht": {
            "from": 0.5,
            "to": 0.5000000596046448
          }
        }
      },
      "rbxassetid://11887887621": {
        "status": "modified",
        "changes": {
          "pfht": {
            "from": 0.25,
            "to": 0.2500000298023224
          }
        }
      },
      "rbxassetid://6675698010": {
        "status": "modified",
        "changes": {
          "pfht": {
            "from": 0.5,
            "to": 0.5000000596046448
          }
        }
      },
      "rbxassetid://9597289518": {
        "status": "modified",
        "changes": {
          "pfht": {
            "from": 0.5,
            "to": 0.5000000596046448
          }
        }
      },
      "rbxassetid://123115833203242": {
        "status": "modified",
        "changes": {
          "pfht": {
            "from": 0.25,
            "to": 0.2500000298023224
          },
          "phds": {
            "from": 0.25,
            "to": 0.2500000298023224
          }
        }
      },
      "rbxassetid://6607519294": {
        "status": "modified",
        "changes": {
          "pfht": {
            "from": 0.5,
            "to": 0.5000000596046448
          }
        }
      },
      "rbxassetid://8161039359": {
        "status": "modified",
        "changes": {
          "pfht": {
            "from": 0.25,
            "to": 0.2500000298023224
          },
          "phds": {
            "from": 0.25,
            "to": 0.2500000298023224
          }
        }
      },
      "rbxassetid://9484850093": {
        "status": "modified",
        "changes": {
          "pfht": {
            "from": 0.5,
            "to": 0.5000000596046448
          }
        }
      },
      "rbxassetid://131576892263777": {
        "status": "modified",
        "changes": {
          "pfht": {
            "from": 0.25,
            "to": 0.2500000298023224
          },
          "phds": {
            "from": 0.25,
            "to": 0.2500000298023224
          }
        }
      },
      "rbxassetid://8161044711": {
        "status": "modified",
        "changes": {
          "pfht": {
            "from": 0.25,
            "to": 0.2500000298023224
          },
          "phds": {
            "from": 0.25,
            "to": 0.2500000298023224
          }
        }
      },
      "rbxassetid://7616407967": {
        "status": "modified",
        "changes": {
          "pfht": {
            "from": 0.25,
            "to": 0.2500000298023224
          },
          "phds": {
            "from": 0.25,
            "to": 0.2500000298023224
          }
        }
      },
      "rbxassetid://5067090007": {
        "status": "modified",
        "changes": {
          "pfht": {
            "from": 0.5,
            "to": 0.5000000596046448
          }
        }
      },
      "rbxassetid://6063188218": {
        "status": "modified",
        "changes": {
          "pfht": {
            "from": 0.25,
            "to": 0.2500000298023224
          },
          "phds": {
            "from": 0.25,
            "to": 0.2500000298023224
          }
        }
      },
      "rbxassetid://8161043368": {
        "status": "modified",
        "changes": {
          "pfht": {
            "from": 0.25,
            "to": 0.2500000298023224
          },
          "phds": {
            "from": 0.25,
            "to": 0.2500000298023224
          }
        }
      },
      "rbxassetid://11887892548": {
        "status": "modified",
        "changes": {
          "pfht": {
            "from": 0.25,
            "to": 0.2500000298023224
          }
        }
      },
      "rbxassetid://6675703249": {
        "status": "modified",
        "changes": {
          "pfht": {
            "from": 0.5,
            "to": 0.5000000596046448
          }
        }
      },
      "rbxassetid://5064195992": {
        "status": "modified",
        "changes": {
          "pfht": {
            "from": 0.5,
            "to": 0.5000000596046448
          }
        }
      },
      "rbxassetid://8161094751": {
        "status": "modified",
        "changes": {
          "pfht": {
            "from": 0.25,
            "to": 0.2500000298023224
          },
          "phds": {
            "from": 0.25,
            "to": 0.2500000298023224
          }
        }
      },
      "rbxassetid://5067105317": {
        "status": "modified",
        "changes": {
          "pfht": {
            "from": 0.5,
            "to": 0.5000000596046448
          }
        }
      }
    },
    "part": {
      "ClusterIndicator": {
        "status": "modified",
        "changes": {
          "actions": {
            "from": [
              {
                "_type": "Parry",
                "name": "1",
                "hitbox": {
                  "Y": 31,
                  "X": 29,
                  "Z": 29
                },
                "when": 300,
                "ihbc": false
              }
            ],
            "to": [
              {
                "_type": "Parry",
                "name": "1",
                "hitbox": {
                  "Y": 31,
                  "X": 29,
                  "Z": 29
                },
                "when": 400,
                "ihbc": false
              }
            ]
          }
        }
      }
    }
  }
}