{
  "patch_id": "54d989e7-04fd-4958-b458-b5a2cd3f6b96",
  "timestamp": "2025-09-27T22:03:59.817612",
  "author": "Juanito",
  "diff": {
    "animation": {
      "rbxassetid://11363599835": {
        "status": "modified",
        "changes": {
          "hitbox": {
            "from": {
              "Y": 16,
              "X": 14,
              "Z": 16
            },
            "to": {
              "Y": 17,
              "X": 14.875,
              "Z": 17
            }
          }
        }
      },
      "rbxassetid://6669352471": {
        "status": "modified",
        "changes": {
          "hitbox": {
            "from": {
              "Y": 18,
              "X": 8.000000953674316,
              "Z": 16.000001907348633
            },
            "to": {
              "Y": 17,
              "X": 14.875,
              "Z": 21.25
            }
          }
        }
      }
    }
  }
}