{
  "patch_id": "19d67aed-4ab5-4d20-98b5-61047642d666",
  "timestamp": "2025-09-27T19:07:46.722247",
  "author": "Blastbrean",
  "diff": {
    "animation": {
      "rbxassetid://6669352471": {
        "status": "modified",
        "changes": {
          "hitbox": {
            "from": {
              "Y": 17,
              "X": 8.000000953674316,
              "Z": 16.000001907348633
            },
            "to": {
              "Y": 18,
              "X": 8.000000953674316,
              "Z": 16.000001907348633
            }
          }
        }
      },
      "rbxassetid://6415085564": {
        "status": "modified",
        "changes": {
          "hitbox": {
            "from": {
              "Y": 22,
              "X": 22,
              "Z": 26
            },
            "to": {
              "Y": 16,
              "X": 16,
              "Z": 20
            }
          }
        }
      },
      "rbxassetid://8018953639": {
        "status": "modified",
        "changes": {
          "fhb": {
            "from": true,
            "to": false
          }
        }
      },
      "rbxassetid://11363599835": {
        "status": "modified",
        "changes": {
          "hitbox": {
            "from": {
              "Y": 17,
              "X": 14.875,
              "Z": 17
            },
            "to": {
              "Y": 16,
              "X": 14,
              "Z": 16
            }
          }
        }
      }
    }
  }
}