{
  "patch_id": "100b30e6-c3d3-4b0a-8a00-0c6c84ad9d65",
  "timestamp": "2025-12-14T15:35:18.983503",
  "author": "Juanito",
  "diff": {
    "animation": {
      "rbxassetid://7600450739": {
        "status": "modified",
        "changes": {
          "pfht": {
            "from": 0.5000000596046448,
            "to": 0.5
          }
        }
      },
      "rbxassetid://7600224169": {
        "status": "modified",
        "changes": {
          "pfht": {
            "from": 0.5000000596046448,
            "to": 0.5
          }
        }
      },
      "rbxassetid://123115833203242": {
        "status": "modified",
        "changes": {
          "pfht": {
            "from": 0.2500000298023224,
            "to": 0.25
          },
          "phds": {
            "from": 0.2500000298023224,
            "to": 0.25
          }
        }
      },
      "rbxassetid://7600160919": {
        "status": "modified",
        "changes": {
          "pfht": {
            "from": 0.5000000596046448,
            "to": 0.5
          }
        }
      },
      "rbxassetid://9484850093": {
        "status": "modified",
        "changes": {
          "pfht": {
            "from": 0.5,
            "to": 0.25
          },
          "bfht": {
            "from": 0.3,
            "to": 0.6
          }
        }
      },
      "rbxassetid://7600485223": {
        "status": "modified",
        "changes": {
          "pfht": {
            "from": 0.5000000596046448,
            "to": 0.5
          }
        }
      },
      "rbxassetid://11887874227": {
        "status": "modified",
        "changes": {
          "pfht": {
            "from": 0.2500000298023224,
            "to": 0.25
          }
        }
      },
      "rbxassetid://139109176874463": {
        "status": "modified",
        "changes": {
          "pfht": {
            "from": 0.2500000298023224,
            "to": 0.25
          },
          "phds": {
            "from": 0.2500000298023224,
            "to": 0.25
          }
        }
      },
      "rbxassetid://7627854272": {
        "status": "modified",
        "changes": {
          "pfht": {
            "from": 0.2500000298023224,
            "to": 0.25
          }
        }
      },
      "rbxassetid://81374297342678": {
        "status": "modified",
        "changes": {
          "pfht": {
            "from": 0.2500000298023224,
            "to": 0.25
          },
          "phds": {
            "from": 0.2500000298023224,
            "to": 0.25
          }
        }
      }
    }
  }
}