{
  "patch_id": "916dfba1-7f74-4238-a461-fedd21e4ae6b",
  "timestamp": "2025-12-14T11:54:09.779684",
  "author": "Juanito",
  "diff": {
    "animation": {
      "rbxassetid://11887892548": {
        "status": "modified",
        "changes": {
          "pfht": {
            "from": 0.25,
            "to": 0.2500000298023224
          }
        }
      },
      "rbxassetid://5067105317": {
        "status": "modified",
        "changes": {
          "pfht": {
            "from": 0.5,
            "to": 0.5000000596046448
          }
        }
      },
      "rbxassetid://7616407967": {
        "status": "modified",
        "changes": {
          "phds": {
            "from": 0.2500000298023224,
            "to": 0.25
          },
          "pfht": {
            "from": 0.2500000298023224,
            "to": 0.25
          }
        }
      },
      "rbxassetid://7600485223": {
        "status": "modified",
        "changes": {
          "pfht": {
            "from": 0.5,
            "to": 0.5000000596046448
          }
        }
      },
      "rbxassetid://6432920452": {
        "status": "modified",
        "changes": {
          "phds": {
            "from": 0.6,
            "to": 0.25
          },
          "pfht": {
            "from": 0.5000000596046448,
            "to": 0.25
          },
          "dp": {
            "from": false,
            "to": true
          },
          "phd": {
            "from": false,
            "to": true
          },
          "pfh": {
            "from": true,
            "to": false
          },
          "bfht": {
            "from": 0.3,
            "to": 0.6
          }
        }
      },
      "rbxassetid://6063195211": {
        "status": "modified",
        "changes": {
          "phds": {
            "from": 0.2500000298023224,
            "to": 0.25
          },
          "pfht": {
            "from": 0.2500000298023224,
            "to": 0.25
          }
        }
      },
      "rbxassetid://5064195992": {
        "status": "modified",
        "changes": {
          "pfht": {
            "from": 0.5,
            "to": 0.5000000596046448
          }
        }
      },
      "rbxassetid://9484850093": {
        "status": "modified",
        "changes": {
          "pfht": {
            "from": 0.25,
            "to": 0.2500000298023224
          }
        }
      },
      "rbxassetid://9597289518": {
        "status": "modified",
        "changes": {
          "phds": {
            "from": 0.2500000298023224,
            "to": 0.25
          },
          "pfht": {
            "from": 0.2500000298023224,
            "to": 0.25
          }
        }
      },
      "rbxassetid://11887874227": {
        "status": "modified",
        "changes": {
          "pfht": {
            "from": 0.25,
            "to": 0.2500000298023224
          }
        }
      },
      "rbxassetid://5067090007": {
        "status": "modified",
        "changes": {
          "pfht": {
            "from": 0.5,
            "to": 0.5000000596046448
          }
        }
      },
      "rbxassetid://7600224169": {
        "status": "modified",
        "changes": {
          "pfht": {
            "from": 0.5,
            "to": 0.5000000596046448
          }
        }
      },
      "rbxassetid://7600160919": {
        "status": "modified",
        "changes": {
          "pfht": {
            "from": 0.5,
            "to": 0.5000000596046448
          }
        }
      },
      "rbxassetid://6063188218": {
        "status": "modified",
        "changes": {
          "phds": {
            "from": 0.2500000298023224,
            "to": 0.25
          },
          "pfht": {
            "from": 0.2500000298023224,
            "to": 0.25
          }
        }
      }
    }
  }
}